rollno,name,fname,course,city,dob,s1,s2,s3,s4,s5
1,Hamza,Asif,AI,,1951-09-22,89,99,59,99,62
2,Hamza,Junaid,DS,LHR,1989-03-17,92,6,97,74,10
3,Junaid,Asif,Blockchain,KHI,1964-05-02,49,37,43,98,24
4,Asif,Asif,DS,,1993-06-14,98,32,52,37,45
5,Asif,Ali,AI,ISL,1982-03-07,72,33,7,35,78
6,Junaid,Junaid,ML,ISL,1969-04-23,8,84,84,24,42
7,Asif,Ali,Blockchain,,1996-10-27,46,71,79,43,42
8,Hamza,Junaid,AI,,1960-08-27,24,96,12,15,66
9,Ali,Asif,AI,LHR,1953-10-02,20,63,7,90,83
10,Hamza,Asif,ML,ISL,1952-09-25,10,85,48,43,2
11,Ali,Asif,DS,LHR,1979-02-07,58,36,1,46,77
12,Asif,Ali,Blockchain,,1998-01-17,28,79,73,62,80
13,Ali,Ali,DS,LHR,1967-09-07,95,80,82,80,91
14,Junaid,Ali,DS,KHI,2011-07-14,82,37,39,73,51
15,Hamza,Ali,ML,,2008-03-24,4,85,16,43,11
16,Hamza,Hamza,AI,,2007-06-26,67,80,25,81,1
17,Junaid,Junaid,DS,ISL,1971-06-19,93,13,2,66,95
18,Ali,Asif,AI,ISL,2002-05-09,45,27,43,62,7
19,Hamza,Junaid,DS,,1963-08-28,92,83,13,91,40
20,Ali,Hamza,Blockchain,ISL,1996-05-09,18,79,77,19,22
21,Hamza,Hamza,DS,,1969-03-13,29,48,40,25,70
22,Junaid,Junaid,ML,,2011-06-11,58,48,35,22,84
23,Asif,Junaid,DS,KHI,2001-08-23,44,99,19,36,75
24,Ali,Junaid,AI,ISL,1994-09-12,58,84,32,54,80
25,Asif,Junaid,ML,,2009-09-22,72,83,77,37,24
26,Ali,Ali,ML,ISL,1956-02-12,22,16,1,65,36
27,Junaid,Hamza,Blockchain,KHI,1991-04-21,87,12,19,5,24
28,Junaid,Asif,Blockchain,,1980-02-16,93,4,64,92,36
29,Ali,Junaid,Blockchain,ISL,1964-10-13,33,99,11,44,54
30,Asif,Hamza,ML,LHR,2003-11-12,73,3,48,80,13
31,Hamza,Hamza,AI,,1967-09-08,38,10,61,6,1
32,Hamza,Hamza,ML,LHR,1971-04-28,42,28,17,45,10
33,Asif,Junaid,Blockchain,LHR,1983-07-16,53,74,70,25,56
34,Junaid,Hamza,ML,KHI,2011-10-16,87,34,12,48,13
35,Junaid,Ali,Blockchain,KHI,2006-04-21,20,34,67,6,36
36,Asif,Ali,ML,LHR,1999-01-03,25,35,62,27,94
37,Hamza,Ali,AI,LHR,1965-07-28,17,53,3,32,40
38,Ali,Asif,DS,ISL,1963-10-22,80,63,3,6,17
39,Ali,Asif,DS,KHI,2001-10-17,28,72,13,50,64
40,Ali,Ali,ML,KHI,1965-01-30,46,72,52,16,76
41,Ali,Asif,ML,ISL,1986-03-20,19,88,69,40,18
42,Asif,Ali,DS,,1973-11-24,76,4,27,22,95
43,Junaid,Hamza,DS,KHI,1994-04-25,98,35,22,18,46
44,Junaid,Hamza,AI,KHI,1995-04-01,81,96,82,68,90
45,Junaid,Asif,Blockchain,ISL,1997-04-02,36,10,5,14,17
46,Ali,Ali,Blockchain,,1992-10-04,10,30,31,76,28
47,Asif,Hamza,ML,ISL,1994-06-25,7,44,83,73,60
48,Asif,Hamza,DS,KHI,1972-07-11,90,73,29,99,1
49,Junaid,Hamza,ML,KHI,2014-05-30,48,17,93,63,79
50,Ali,Hamza,AI,ISL,2001-10-24,48,36,72,11,90
51,Asif,Junaid,ML,ISL,1967-06-02,78,58,12,11,74
52,Hamza,Asif,DS,KHI,1989-06-13,71,22,86,43,73
53,Asif,Junaid,AI,ISL,2003-06-08,7,25,54,93,48
54,Asif,Ali,DS,,1957-02-01,3,65,78,82,51
55,Asif,Asif,Blockchain,,1950-06-27,16,40,58,68,22
56,Asif,Asif,DS,KHI,1979-11-07,48,33,20,59,77
57,Ali,Junaid,AI,KHI,2003-02-24,40,63,76,79,61
58,Hamza,Hamza,ML,LHR,1986-09-07,82,67,89,49,50
59,Junaid,Junaid,AI,LHR,1975-03-17,70,32,54,4,56
60,Hamza,Ali,Blockchain,KHI,1975-11-27,47,99,13,5,92
61,Hamza,Ali,ML,,1996-02-13,99,1,74,75,30
62,Hamza,Ali,Blockchain,,1997-04-26,23,73,23,48,10
63,Ali,Asif,DS,LHR,1964-07-17,58,70,28,83,39
64,Asif,Asif,DS,ISL,1994-03-05,74,72,17,94,95
65,Asif,Junaid,ML,LHR,1966-07-23,10,57,39,35,62
66,Junaid,Ali,AI,,1964-05-06,59,74,84,15,29
67,Junaid,Junaid,Blockchain,ISL,1977-11-22,80,25,58,40,32
68,Junaid,Junaid,ML,KHI,1981-02-25,29,27,96,31,67
69,Junaid,Hamza,DS,LHR,1990-10-18,32,37,57,91,34
70,Ali,Junaid,ML,LHR,2004-09-23,47,58,91,30,88
71,Hamza,Hamza,AI,ISL,1950-04-30,55,15,90,10,97
72,Junaid,Hamza,ML,,1977-08-18,33,24,49,86,58
73,Asif,Ali,AI,ISL,1989-03-19,6,42,70,24,32
74,Junaid,Junaid,AI,KHI,2006-07-06,25,5,78,98,82
75,Hamza,Ali,AI,,1971-11-19,34,44,54,82,6
76,Junaid,Junaid,AI,KHI,2003-06-24,25,10,7,8,81
77,Junaid,Ali,ML,LHR,1983-06-14,60,63,11,22,96
78,Junaid,Junaid,AI,ISL,1964-03-03,17,63,32,68,83
79,Asif,Asif,DS,ISL,2003-09-04,69,58,62,44,20
80,Ali,Asif,DS,KHI,1961-02-03,73,78,52,92,37
81,Junaid,Ali,ML,LHR,1983-10-05,51,40,44,64,5
82,Ali,Hamza,DS,LHR,1952-10-09,9,67,45,81,6
83,Hamza,Junaid,Blockchain,KHI,1989-11-07,33,36,80,92,19
84,Hamza,Asif,Blockchain,KHI,2014-01-01,64,32,60,78,75
85,Asif,Asif,DS,LHR,1994-10-02,13,17,45,22,35
86,Asif,Hamza,Blockchain,LHR,2007-04-15,34,94,30,30,48
87,Asif,Junaid,ML,KHI,1965-08-24,81,65,73,18,90
88,Junaid,Ali,ML,ISL,1952-03-09,53,80,57,71,97
89,Junaid,Junaid,DS,KHI,1977-07-21,52,76,92,16,25
90,Junaid,Ali,AI,LHR,1977-08-24,26,31,97,30,62
91,Asif,Asif,AI,,1959-02-03,55,10,49,2,93
92,Ali,Hamza,Blockchain,KHI,1960-05-12,38,65,36,64,46
93,Hamza,Ali,ML,KHI,1963-07-03,75,41,89,79,44
94,Asif,Junaid,DS,KHI,1989-11-25,77,13,16,88,38
95,Hamza,Junaid,ML,LHR,1950-11-07,74,33,84,85,29
96,Asif,Asif,AI,LHR,2014-02-23,45,66,19,21,27
97,Junaid,Ali,ML,LHR,1951-10-05,91,68,83,82,94
98,Junaid,Asif,ML,LHR,2008-10-04,51,78,23,74,42
99,Junaid,Asif,DS,ISL,2007-07-05,49,22,17,60,18
100,Asif,Ali,AI,KHI,1980-08-24,89,59,92,68,53
101,Asif,Ali,ML,,2009-07-26,65,10,26,8,40
102,Hamza,Junaid,DS,LHR,2000-08-22,39,43,32,66,90
103,Hamza,Junaid,ML,LHR,1954-09-28,32,32,60,47,30
104,Asif,Ali,DS,KHI,2014-07-20,25,64,72,38,18
105,Junaid,Ali,DS,,1997-11-08,17,74,79,74,51
106,Hamza,Junaid,DS,LHR,1973-10-28,82,80,82,51,52
107,Hamza,Asif,AI,KHI,2014-02-13,48,93,72,45,47
108,Junaid,Hamza,Blockchain,,2010-02-08,32,90,70,48,34
109,Asif,Ali,DS,KHI,2007-10-29,94,34,26,52,48
110,Asif,Junaid,Blockchain,ISL,1958-09-18,19,38,1,3,58
111,Hamza,Junaid,Blockchain,LHR,1955-09-21,66,46,27,60,18
112,Asif,Asif,Blockchain,ISL,1978-02-19,26,1,37,1,85
113,Ali,Junaid,AI,,2010-04-02,51,37,66,48,56
114,Hamza,Asif,AI,,1975-09-21,41,12,12,3,48
115,Asif,Junaid,Blockchain,LHR,1986-05-24,93,20,16,13,94
116,Ali,Asif,AI,ISL,1952-08-07,88,80,26,24,33
117,Hamza,Hamza,AI,,1980-07-12,8,41,78,8,58
118,Asif,Hamza,AI,,1982-05-28,87,16,33,90,1
119,Junaid,Asif,ML,,1991-03-06,1,84,26,93,25
120,Ali,Asif,ML,KHI,1963-05-06,3,14,75,36,83
121,Hamza,Hamza,ML,KHI,1958-06-26,47,25,99,26,97
122,Asif,Hamza,AI,,1957-02-25,55,99,86,88,6
123,Junaid,Hamza,DS,LHR,1962-01-28,78,32,48,96,54
124,Asif,Ali,ML,KHI,1989-01-13,62,82,78,85,26
125,Asif,Asif,AI,LHR,1966-07-28,14,92,79,91,46
126,Ali,Ali,AI,KHI,2012-06-03,22,14,82,43,91
127,Hamza,Hamza,DS,LHR,1954-02-11,48,55,73,49,99
128,Asif,Hamza,AI,KHI,1953-08-14,89,37,76,56,31
129,Junaid,Hamza,AI,KHI,1997-10-03,16,58,16,60,15
130,Junaid,Ali,ML,,1959-09-04,72,96,59,13,81
131,Ali,Ali,Blockchain,ISL,1976-02-26,57,75,55,82,42
132,Hamza,Junaid,Blockchain,LHR,1954-02-02,12,35,8,26,25
133,Ali,Asif,Blockchain,KHI,2011-03-26,64,54,68,52,47
134,Junaid,Ali,Blockchain,LHR,1972-01-02,36,37,57,96,51
135,Asif,Ali,ML,LHR,1993-07-05,90,50,37,57,8
136,Hamza,Asif,ML,LHR,1950-05-14,28,27,29,29,95
137,Ali,Junaid,Blockchain,LHR,1971-01-08,97,79,49,93,3
138,Hamza,Junaid,DS,ISL,2007-10-05,60,86,76,26,99
139,Asif,Junaid,ML,,2000-09-30,1,51,95,60,91
140,Hamza,Hamza,DS,,1970-11-16,5,90,54,2,12
141,Ali,Ali,ML,KHI,1955-09-17,90,68,29,77,27
142,Hamza,Ali,DS,ISL,2002-08-01,29,79,55,76,57
143,Asif,Asif,AI,ISL,2006-02-12,58,55,36,9,81
144,Asif,Asif,AI,KHI,1975-11-27,38,22,61,63,46
145,Junaid,Hamza,DS,ISL,1993-04-13,52,48,1,13,87
146,Asif,Junaid,ML,,1952-04-03,82,48,72,68,97
147,Asif,Hamza,ML,,1966-08-03,55,93,20,27,41
148,Hamza,Hamza,ML,ISL,1986-06-06,66,7,36,33,62
149,Ali,Hamza,Blockchain,ISL,1959-03-18,8,22,18,31,53
150,Ali,Ali,ML,LHR,1952-06-27,31,90,39,49,9
151,Ali,Ali,DS,KHI,1951-04-30,28,86,11,29,16
152,Junaid,Junaid,ML,LHR,1972-06-27,46,39,85,29,24
153,Junaid,Ali,Blockchain,ISL,1977-10-23,53,43,75,91,41
154,Junaid,Hamza,ML,,1984-02-09,21,98,19,89,81
155,Junaid,Asif,Blockchain,KHI,1987-11-06,6,29,5,98,31
156,Ali,Hamza,Blockchain,ISL,1968-08-07,31,73,34,54,25
157,Hamza,Hamza,DS,,2006-10-20,65,94,66,76,42
158,Junaid,Junaid,AI,,1989-03-04,41,25,55,80,62
159,Asif,Junaid,AI,LHR,1984-05-17,34,84,16,2,48
160,Junaid,Hamza,ML,ISL,1981-02-18,84,4,17,17,33
161,Hamza,Junaid,AI,ISL,1956-07-10,43,59,34,43,92
162,Junaid,Asif,Blockchain,KHI,1972-01-28,32,34,68,66,92
163,Asif,Asif,Blockchain,LHR,1996-04-04,22,13,78,98,42
164,Asif,Asif,AI,LHR,1982-05-26,58,34,99,35,56
165,Asif,Asif,ML,KHI,1994-02-02,86,17,29,88,86
166,Hamza,Hamza,DS,LHR,1963-09-03,2,60,81,6,35
167,Junaid,Ali,AI,,1977-08-07,64,4,20,99,20
168,Hamza,Hamza,DS,,1993-04-26,47,2,27,98,24
169,Junaid,Ali,Blockchain,KHI,1987-08-18,38,81,4,68,99
170,Junaid,Hamza,Blockchain,LHR,1951-08-30,67,23,73,58,68
171,Junaid,Asif,Blockchain,ISL,1967-01-03,42,43,30,52,42
172,Ali,Hamza,ML,KHI,1959-11-09,65,81,81,31,6
173,Asif,Asif,DS,KHI,2001-05-23,51,2,74,92,98
174,Hamza,Hamza,DS,,1962-04-28,11,80,28,14,85
175,Junaid,Asif,Blockchain,KHI,1986-07-03,33,8,44,38,76
176,Hamza,Hamza,DS,ISL,1994-02-22,23,31,94,26,62
177,Junaid,Asif,AI,LHR,1994-10-19,61,48,42,4,41
178,Junaid,Hamza,DS,KHI,1987-01-25,77,40,7,50,49
179,Hamza,Hamza,DS,KHI,1991-03-05,50,83,46,98,54
180,Asif,Ali,Blockchain,,1959-02-08,22,44,61,39,78
181,Ali,Hamza,ML,ISL,1968-11-11,13,21,3,21,81
182,Asif,Ali,Blockchain,ISL,1987-08-23,21,83,27,82,17
183,Junaid,Ali,AI,ISL,2005-06-22,17,50,36,69,14
184,Ali,Hamza,ML,KHI,1996-05-19,85,93,12,54,54
185,Junaid,Junaid,AI,ISL,1953-08-12,64,84,97,37,21
186,Ali,Asif,Blockchain,ISL,1979-01-08,50,77,13,46,82
187,Hamza,Junaid,DS,,2012-10-17,27,85,94,67,12
188,Junaid,Ali,DS,,1981-05-05,98,29,42,62,28
189,Hamza,Junaid,ML,,1994-09-24,10,5,70,46,93
190,Hamza,Ali,DS,,1956-07-29,57,70,85,45,34
191,Asif,Ali,ML,ISL,1951-07-23,50,37,89,16,65
192,Junaid,Hamza,ML,,1968-05-23,68,7,83,45,64
193,Hamza,Asif,DS,LHR,1979-11-09,13,55,91,55,83
194,Hamza,Junaid,AI,,1996-07-13,99,73,66,6,60
195,Hamza,Junaid,AI,ISL,1965-01-23,42,97,4,7,5
196,Asif,Junaid,AI,LHR,1988-09-26,1,54,14,29,4
197,Asif,Ali,ML,ISL,2006-10-08,93,46,31,17,39
198,Asif,Ali,ML,KHI,1987-11-20,16,7,62,69,51
199,Asif,Ali,AI,,1981-05-22,66,58,17,86,9
200,Ali,Asif,DS,,1970-03-14,5,96,61,65,10
201,Asif,Ali,DS,LHR,1978-05-27,92,60,40,91,55
202,Junaid,Ali,ML,KHI,2012-07-13,91,28,19,64,91
203,Asif,Ali,Blockchain,,1978-10-06,96,78,54,68,37
204,Ali,Junaid,Blockchain,KHI,1974-07-08,50,76,58,85,84
205,Ali,Junaid,Blockchain,LHR,1996-07-15,17,48,23,44,20
206,Asif,Asif,AI,,1967-05-11,54,69,38,95,91
207,Asif,Ali,ML,,2012-05-24,97,50,25,9,50
208,Junaid,Asif,DS,LHR,1961-07-06,5,91,24,82,76
209,Hamza,Asif,ML,ISL,1969-04-01,49,74,68,6,28
210,Junaid,Hamza,ML,,1951-09-29,67,78,19,19,15
211,Ali,Junaid,ML,LHR,2013-08-21,27,60,22,20,27
212,Hamza,Junaid,Blockchain,,1972-09-14,66,10,65,84,84
213,Junaid,Ali,Blockchain,LHR,2012-09-11,91,3,89,47,39
214,Asif,Junaid,Blockchain,ISL,1988-04-14,52,57,34,16,35
215,Junaid,Ali,AI,ISL,1957-08-11,89,16,58,56,9
216,Asif,Asif,ML,KHI,1973-04-04,63,44,30,73,38
217,Asif,Asif,ML,KHI,1978-02-20,45,4,24,16,83
218,Hamza,Ali,Blockchain,ISL,1983-05-30,95,94,50,84,76
219,Ali,Asif,ML,KHI,2003-03-13,54,35,19,89,68
220,Hamza,Asif,ML,,1960-07-06,41,46,40,98,3
221,Junaid,Ali,DS,KHI,2011-09-30,82,22,92,58,89
222,Asif,Junaid,DS,LHR,1989-07-08,36,28,44,51,91
223,Asif,Asif,DS,KHI,1980-02-26,40,86,54,73,86
224,Asif,Ali,DS,KHI,1977-05-23,84,10,97,97,38
225,Hamza,Asif,ML,KHI,1992-07-30,7,94,42,15,90
226,Hamza,Hamza,ML,KHI,1965-03-30,67,28,4,24,1
227,Ali,Hamza,ML,,1950-10-09,21,90,59,3,18
228,Hamza,Ali,Blockchain,,2005-03-02,89,93,36,47,48
229,Hamza,Hamza,AI,KHI,1957-05-01,62,96,39,7,72
230,Asif,Ali,DS,ISL,1958-02-15,89,30,89,27,90
231,Hamza,Junaid,Blockchain,KHI,1988-06-28,96,17,49,35,33
232,Asif,Asif,AI,KHI,2010-08-08,30,99,53,38,59
233,Asif,Junaid,AI,KHI,2000-06-27,20,20,23,98,61
234,Junaid,Junaid,DS,LHR,1997-02-21,73,37,94,36,22
235,Ali,Junaid,DS,LHR,1982-03-07,90,86,65,23,18
236,Ali,Ali,DS,ISL,1991-08-01,67,93,18,52,2
237,Ali,Ali,Blockchain,KHI,1978-07-11,10,31,7,51,97
238,Hamza,Junaid,AI,KHI,2004-02-07,38,77,68,88,54
239,Asif,Hamza,Blockchain,KHI,1977-04-05,52,72,56,69,85
240,Ali,Junaid,ML,KHI,2008-06-19,32,69,29,7,46
241,Hamza,Junaid,Blockchain,LHR,1982-07-17,67,12,17,58,34
242,Ali,Asif,ML,,1974-09-10,29,45,7,57,62
243,Junaid,Ali,Blockchain,ISL,1973-03-13,25,10,26,32,74
244,Ali,Asif,DS,KHI,1993-03-25,36,1,29,77,37
245,Asif,Junaid,ML,KHI,1956-04-16,30,65,42,60,25
246,Hamza,Junaid,DS,KHI,1961-07-09,35,23,62,74,50
247,Hamza,Hamza,DS,,1990-05-08,37,43,57,33,75
248,Ali,Hamza,DS,ISL,1969-10-27,41,76,5,29,44
249,Asif,Junaid,AI,,1991-11-21,4,47,62,39,1
250,Junaid,Ali,ML,ISL,1998-02-12,6,58,55,62,61
251,Ali,Asif,AI,KHI,1971-08-17,46,94,51,49,28
252,Ali,Ali,AI,LHR,2009-07-23,94,46,68,41,58
253,Asif,Hamza,AI,LHR,1966-11-23,60,90,57,54,47
254,Ali,Asif,ML,ISL,1984-06-11,6,67,69,80,60
255,Junaid,Junaid,AI,KHI,2003-10-04,76,78,1,95,57
256,Ali,Junaid,ML,,1994-11-24,13,5,45,42,82
257,Ali,Hamza,Blockchain,ISL,1964-07-25,5,46,30,26,41
258,Asif,Hamza,DS,,1992-06-02,75,32,15,28,5
259,Asif,Asif,Blockchain,,1979-05-05,18,63,2,71,57
260,Ali,Hamza,AI,KHI,2010-05-21,57,19,25,90,99
261,Ali,Junaid,DS,LHR,1997-06-30,37,89,62,66,86
262,Asif,Asif,AI,,1972-02-11,14,79,62,30,63
263,Ali,Ali,DS,,1993-01-02,73,46,88,8,89
264,Ali,Ali,AI,,1957-08-21,40,81,90,31,55
265,Hamza,Asif,ML,ISL,2000-08-18,32,48,67,18,54
266,Junaid,Asif,ML,KHI,1992-01-15,50,64,3,26,93
267,Asif,Junaid,DS,ISL,1998-01-26,19,10,79,45,65
268,Ali,Junaid,Blockchain,LHR,1957-07-28,92,15,25,95,26
269,Junaid,Asif,AI,ISL,1970-08-16,51,34,1,94,65
270,Ali,Ali,ML,LHR,2007-10-10,60,37,66,95,1
271,Asif,Junaid,ML,ISL,2006-06-10,63,45,15,87,71
272,Ali,Ali,Blockchain,ISL,1985-06-05,26,43,26,83,61
273,Asif,Junaid,DS,LHR,1957-01-05,90,19,26,61,32
274,Asif,Junaid,ML,,1959-09-17,8,52,25,76,39
275,Junaid,Junaid,DS,,1967-08-28,70,21,83,34,82
276,Ali,Ali,Blockchain,ISL,2005-02-01,99,2,51,1,27
277,Ali,Junaid,AI,LHR,1985-01-26,34,8,68,37,15
278,Junaid,Ali,AI,,1974-09-23,55,81,19,1,69
279,Asif,Junaid,ML,ISL,1981-06-26,94,87,67,69,16
280,Hamza,Ali,ML,,1980-11-18,87,64,37,27,42
281,Ali,Hamza,Blockchain,,1964-08-25,56,53,80,12,16
282,Ali,Asif,Blockchain,LHR,1974-01-10,42,61,59,64,85
283,Hamza,Asif,DS,ISL,1997-09-29,33,99,77,22,50
284,Ali,Junaid,ML,ISL,2005-07-11,41,26,31,27,65
285,Junaid,Asif,ML,LHR,1981-06-12,75,31,43,70,53
286,Ali,Junaid,DS,KHI,1952-03-28,77,89,27,87,64
287,Asif,Hamza,ML,KHI,1956-08-20,55,48,47,72,87
288,Hamza,Asif,Blockchain,ISL,1979-10-11,23,64,35,17,11
289,Ali,Hamza,Blockchain,ISL,1953-06-19,51,40,5,1,51
290,Hamza,Junaid,Blockchain,LHR,1972-11-16,17,63,86,25,27
291,Hamza,Hamza,AI,LHR,1987-01-13,68,16,37,87,35
292,Hamza,Ali,DS,KHI,1972-02-02,72,4,84,99,80
293,Asif,Asif,ML,KHI,2001-05-06,59,30,47,9,86
294,Ali,Hamza,Blockchain,ISL,1977-05-07,33,13,58,27,86
295,Ali,Asif,ML,ISL,2009-01-18,13,90,9,82,19
296,Hamza,Ali,DS,ISL,1980-11-12,33,78,62,9,5
297,Asif,Junaid,Blockchain,,1974-08-20,6,99,32,77,31
298,Asif,Junaid,Blockchain,,1980-09-04,35,39,68,73,21
299,Junaid,Junaid,Blockchain,KHI,2011-03-23,58,35,26,54,79
300,Ali,Hamza,ML,ISL,1971-03-06,60,51,51,49,75
301,Asif,Ali,ML,LHR,1989-05-14,17,8,62,43,41
302,Hamza,Junaid,DS,,1950-10-05,75,38,99,89,19
303,Hamza,Asif,ML,ISL,1983-08-18,20,38,85,60,45
304,Junaid,Ali,AI,LHR,1955-06-29,46,86,47,18,37
305,Junaid,Ali,AI,ISL,2003-10-27,7,89,25,86,65
306,Asif,Ali,AI,KHI,2000-01-15,25,54,37,65,18
307,Asif,Junaid,DS,,1970-04-12,39,35,8,92,87
308,Hamza,Ali,AI,KHI,1990-11-08,55,64,73,45,15
309,Ali,Asif,DS,KHI,1982-04-16,80,53,6,48,39
310,Asif,Hamza,AI,KHI,2012-08-20,74,90,24,30,76
311,Hamza,Hamza,DS,LHR,1981-04-17,2,8,23,25,56
312,Ali,Ali,DS,ISL,1957-07-27,67,88,96,15,22
313,Ali,Asif,Blockchain,LHR,1993-05-20,29,64,33,87,91
314,Junaid,Asif,Blockchain,ISL,2010-01-25,17,82,6,11,96
315,Hamza,Ali,AI,KHI,1993-06-16,60,71,34,35,53
316,Ali,Junaid,ML,,2012-08-05,45,53,68,2,30
317,Ali,Asif,AI,LHR,1990-09-15,44,25,32,56,69
318,Ali,Asif,ML,,1988-05-08,57,62,5,53,56
319,Asif,Junaid,ML,,2007-04-22,89,89,18,24,41
320,Junaid,Hamza,ML,LHR,1959-03-27,44,59,20,18,73
321,Asif,Junaid,ML,LHR,1972-05-09,71,18,11,54,92
322,Hamza,Junaid,ML,KHI,1955-02-08,3,51,8,39,71
323,Hamza,Ali,ML,KHI,2002-04-02,33,56,22,55,4
324,Hamza,Ali,ML,LHR,1970-03-20,1,91,65,44,24
325,Asif,Junaid,AI,ISL,2001-01-21,32,86,30,79,72
326,Ali,Ali,Blockchain,,1986-10-12,64,51,32,7,48
327,Ali,Junaid,DS,LHR,1969-01-10,76,62,19,40,80
328,Hamza,Ali,ML,LHR,1995-10-17,93,8,32,25,97
329,Hamza,Ali,Blockchain,LHR,2014-02-16,9,98,88,82,93
330,Ali,Asif,ML,ISL,1958-01-17,7,78,29,16,14
331,Ali,Ali,ML,KHI,2003-09-18,63,9,79,80,40
332,Ali,Junaid,Blockchain,ISL,1995-06-14,71,63,32,51,3
333,Hamza,Hamza,AI,LHR,1952-09-16,74,39,82,40,94
334,Ali,Junaid,ML,ISL,1970-02-03,17,81,92,95,90
335,Junaid,Junaid,ML,,1962-09-27,9,52,36,58,11
336,Junaid,Hamza,Blockchain,KHI,1950-08-12,97,56,43,81,32
337,Junaid,Ali,DS,,1959-11-25,60,35,25,94,84
338,Junaid,Ali,ML,LHR,1995-02-03,57,50,68,97,57
339,Asif,Ali,DS,KHI,1956-04-16,19,76,80,27,19
340,Asif,Junaid,ML,,1986-08-18,50,60,8,56,88
341,Junaid,Junaid,DS,LHR,1958-11-02,37,53,17,53,9
342,Asif,Hamza,ML,,1976-09-03,23,6,43,33,93
343,Ali,Hamza,DS,KHI,1951-04-23,30,17,33,70,57
344,Ali,Ali,Blockchain,ISL,1974-03-09,49,83,43,88,35
345,Junaid,Ali,AI,KHI,1982-04-24,67,24,21,58,92
346,Hamza,Junaid,DS,LHR,2001-09-14,69,51,77,55,73
347,Ali,Hamza,ML,ISL,2003-08-22,82,22,47,96,45
348,Hamza,Asif,DS,LHR,2012-08-21,25,9,95,8,40
349,Hamza,Junaid,DS,KHI,1967-05-13,35,5,62,58,46
350,Ali,Ali,AI,KHI,1988-10-04,17,2,23,93,90
351,Ali,Hamza,DS,ISL,2008-03-23,48,41,11,69,86
352,Junaid,Junaid,ML,LHR,2001-08-02,92,12,65,47,25
353,Junaid,Junaid,AI,KHI,2000-07-13,16,45,90,36,54
354,Junaid,Asif,AI,LHR,1964-09-08,22,54,55,19,70
355,Junaid,Hamza,AI,,1958-06-09,55,35,36,53,78
356,Asif,Asif,Blockchain,KHI,1961-08-07,94,76,45,7,90
357,Asif,Asif,DS,KHI,1986-04-12,34,15,86,70,93
358,Asif,Hamza,AI,ISL,1988-06-26,89,37,66,82,84
359,Hamza,Junaid,Blockchain,LHR,1967-07-26,6,47,97,53,49
360,Junaid,Ali,ML,ISL,2002-08-14,26,13,11,62,69
361,Asif,Junaid,Blockchain,LHR,1961-04-22,3,71,41,38,3
362,Junaid,Junaid,ML,ISL,2000-07-07,57,34,14,20,20
363,Hamza,Ali,ML,LHR,1962-05-11,27,65,10,99,92
364,Hamza,Ali,ML,LHR,1968-02-20,74,64,94,83,57
365,Hamza,Ali,ML,ISL,1992-01-30,36,77,25,67,78
366,Ali,Asif,AI,,1982-10-01,32,34,76,75,27
367,Ali,Asif,ML,,1983-09-24,99,10,58,89,17
368,Junaid,Hamza,AI,LHR,1990-02-10,61,87,76,90,92
369,Asif,Junaid,ML,KHI,1952-01-02,14,67,75,32,29
370,Ali,Hamza,ML,LHR,2008-06-23,24,31,30,91,72
371,Hamza,Asif,Blockchain,LHR,1958-07-16,62,96,98,71,11
372,Junaid,Junaid,AI,LHR,2007-02-24,10,66,95,67,26
373,Ali,Ali,Blockchain,,1965-07-14,44,80,70,81,26
374,Asif,Ali,ML,LHR,1986-05-04,11,27,63,88,68
375,Ali,Hamza,ML,KHI,1984-07-23,77,27,84,73,52
376,Ali,Ali,AI,KHI,1984-09-05,5,63,72,55,60
377,Junaid,Hamza,DS,ISL,1996-03-18,61,73,51,46,39
378,Ali,Hamza,DS,KHI,1966-06-13,39,98,21,46,52
379,Ali,Asif,AI,,2003-07-18,36,32,32,33,65
380,Hamza,Asif,AI,LHR,1989-06-24,8,80,64,29,47
381,Junaid,Ali,AI,ISL,2008-01-14,61,28,58,25,24
382,Hamza,Asif,DS,KHI,1980-11-11,91,3,96,94,41
383,Hamza,Ali,AI,KHI,1977-05-23,83,34,69,2,72
384,Hamza,Junaid,AI,LHR,2014-10-01,19,18,80,77,31
385,Hamza,Asif,Blockchain,ISL,2003-03-23,96,66,71,62,29
386,Ali,Ali,Blockchain,KHI,1968-08-24,2,31,33,31,36
387,Junaid,Asif,ML,ISL,1964-07-23,82,90,78,33,47
388,Ali,Hamza,ML,ISL,1989-05-01,78,28,2,49,3
389,Asif,Junaid,Blockchain,,1996-06-18,37,95,74,33,14
390,Junaid,Hamza,DS,KHI,1970-07-12,37,25,67,62,84
391,Hamza,Ali,Blockchain,ISL,1996-04-07,80,47,66,69,97
392,Hamza,Junaid,Blockchain,ISL,2004-06-15,64,53,99,70,79
393,Junaid,Junaid,Blockchain,LHR,1963-05-26,50,42,9,73,47
394,Hamza,Junaid,AI,LHR,1999-05-20,84,7,52,85,5
395,Asif,Ali,DS,ISL,2014-09-25,93,74,40,82,78
396,Junaid,Ali,AI,,1959-02-16,2,73,13,76,31
397,Ali,Asif,DS,,2002-07-07,50,8,92,75,26
398,Asif,Ali,Blockchain,KHI,2007-04-18,91,17,26,7,17
399,Ali,Junaid,ML,KHI,1960-11-23,76,90,82,18,83
400,Asif,Hamza,DS,ISL,1995-04-14,23,75,55,54,38
401,Asif,Asif,AI,,2008-08-14,52,73,56,93,72
402,Asif,Junaid,ML,ISL,2000-01-30,40,42,2,23,26
403,Hamza,Asif,DS,LHR,1990-08-03,18,13,42,33,94
404,Ali,Ali,ML,LHR,1967-08-26,38,81,18,52,27
405,Asif,Asif,Blockchain,LHR,1985-01-22,82,45,47,62,85
406,Ali,Ali,AI,KHI,1997-04-20,58,7,46,70,42
407,Junaid,Asif,AI,KHI,1974-01-24,58,38,65,26,76
408,Asif,Asif,DS,KHI,1956-02-25,47,98,80,49,34
409,Ali,Junaid,AI,ISL,1990-06-09,84,96,21,36,58
410,Asif,Ali,ML,KHI,1979-06-28,89,40,69,2,87
411,Hamza,Hamza,AI,,1985-05-03,49,89,45,3,77
412,Ali,Hamza,DS,,1960-09-02,40,3,32,52,78
413,Hamza,Ali,ML,,1985-08-06,23,3,80,61,90
414,Junaid,Asif,ML,ISL,1984-03-20,16,62,52,42,91
415,Junaid,Hamza,ML,ISL,2013-03-05,79,75,92,62,43
416,Hamza,Junaid,DS,LHR,1985-06-05,50,99,71,88,13
417,Asif,Ali,Blockchain,,1971-05-29,22,55,39,30,7
418,Hamza,Junaid,AI,ISL,1995-04-19,31,63,18,47,9
419,Asif,Asif,Blockchain,ISL,1996-08-27,25,10,96,96,52
420,Ali,Junaid,Blockchain,LHR,1993-07-27,45,43,78,11,41
421,Junaid,Asif,ML,,1987-09-22,77,16,84,59,91
422,Junaid,Hamza,AI,KHI,1996-03-08,99,4,55,37,4
423,Asif,Hamza,AI,KHI,1953-10-02,58,86,59,24,82
424,Asif,Asif,Blockchain,ISL,2014-02-05,27,14,97,71,19
425,Asif,Asif,ML,LHR,1968-10-01,63,23,90,36,44
426,Hamza,Ali,ML,KHI,1984-01-09,36,40,49,78,21
427,Hamza,Junaid,Blockchain,LHR,2006-09-25,89,66,41,83,46
428,Junaid,Ali,AI,,1997-01-02,25,86,52,14,11
429,Hamza,Hamza,ML,ISL,1950-10-12,25,47,38,82,11
430,Hamza,Junaid,Blockchain,ISL,1969-05-03,56,94,74,3,16
431,Asif,Hamza,Blockchain,,1995-03-23,62,53,47,61,45
432,Junaid,Ali,AI,,1974-02-14,51,61,13,5,92
433,Asif,Asif,AI,,1961-02-23,78,96,54,69,9
434,Junaid,Hamza,Blockchain,ISL,1970-10-30,86,7,41,47,73
435,Junaid,Asif,DS,LHR,2002-09-04,71,18,12,59,83
436,Asif,Ali,DS,ISL,1958-08-24,24,59,87,71,96
437,Asif,Hamza,Blockchain,,1974-08-06,16,54,47,67,70
438,Junaid,Ali,AI,KHI,1973-10-17,69,42,63,63,13
439,Ali,Ali,DS,,1993-06-08,67,99,67,19,39
440,Ali,Ali,DS,LHR,1951-09-26,96,13,97,68,58
441,Junaid,Ali,DS,,1958-04-15,69,85,25,92,53
442,Ali,Ali,DS,KHI,1985-03-07,90,32,35,26,30
443,Ali,Hamza,AI,,1975-01-03,82,36,61,29,6
444,Junaid,Hamza,ML,KHI,2008-02-17,35,31,47,24,2
445,Asif,Asif,AI,ISL,1959-11-28,67,54,25,3,26
446,Ali,Asif,Blockchain,,1955-01-05,35,13,73,2,61
447,Hamza,Ali,Blockchain,,2013-04-29,57,3,27,39,48
448,Junaid,Junaid,Blockchain,,1960-06-09,29,31,22,54,50
449,Ali,Asif,Blockchain,,1965-03-07,99,55,64,34,20
450,Ali,Ali,ML,KHI,1996-08-17,8,93,80,43,83
451,Hamza,Junaid,DS,,2009-09-11,85,57,66,29,79
452,Hamza,Asif,Blockchain,KHI,2006-06-17,10,78,37,40,50
453,Hamza,Hamza,DS,LHR,1990-02-06,89,60,93,50,68
454,Asif,Ali,ML,ISL,1984-11-19,25,23,22,29,16
455,Hamza,Hamza,Blockchain,ISL,2012-09-11,1,20,34,80,27
456,Asif,Hamza,DS,ISL,1964-08-11,89,89,13,85,9
457,Ali,Ali,DS,ISL,1987-03-23,44,29,60,78,93
458,Hamza,Hamza,ML,LHR,2004-11-18,44,68,84,77,1
459,Ali,Asif,DS,LHR,1959-04-02,38,2,73,43,87
460,Junaid,Asif,DS,ISL,1993-06-10,95,57,14,43,53
461,Junaid,Asif,ML,LHR,2001-09-24,82,26,52,49,51
462,Junaid,Junaid,AI,,1999-03-27,81,74,78,47,84
463,Asif,Ali,ML,LHR,1965-01-04,53,1,26,98,85
464,Ali,Asif,DS,ISL,1963-07-18,62,53,55,94,31
465,Ali,Hamza,DS,KHI,1989-07-11,74,90,27,86,98
466,Hamza,Ali,ML,KHI,2014-08-12,12,14,34,25,65
467,Hamza,Junaid,Blockchain,ISL,1975-02-23,16,93,80,21,50
468,Hamza,Hamza,DS,ISL,1994-05-23,56,61,50,91,31
469,Hamza,Asif,AI,,1991-03-20,30,56,2,99,19
470,Ali,Ali,AI,ISL,1970-07-13,77,88,77,34,75
471,Asif,Junaid,Blockchain,LHR,2002-04-06,60,97,84,5,74
472,Ali,Asif,AI,LHR,1963-08-30,11,98,82,41,99
473,Asif,Asif,DS,KHI,1950-11-10,79,92,28,53,30
474,Hamza,Asif,AI,KHI,1975-01-12,35,13,20,72,7
475,Junaid,Hamza,ML,,1956-04-06,25,29,53,66,16
476,Junaid,Hamza,ML,ISL,2006-09-24,13,78,38,9,16
477,Hamza,Asif,DS,ISL,1959-07-27,43,12,68,7,82
478,Ali,Ali,AI,KHI,1991-09-20,89,2,3,25,73
479,Junaid,Junaid,Blockchain,LHR,1991-04-08,42,4,72,14,78
480,Asif,Ali,AI,ISL,1987-01-03,79,90,37,90,43
481,Junaid,Junaid,AI,ISL,1972-10-24,68,52,42,93,7
482,Junaid,Ali,Blockchain,KHI,1998-04-01,24,87,14,76,3
483,Ali,Junaid,AI,,1992-01-05,21,85,74,18,36
484,Junaid,Junaid,AI,ISL,1980-09-09,24,93,80,89,5
485,Hamza,Ali,ML,,1989-11-04,12,94,52,38,50
486,Ali,Asif,ML,ISL,2014-01-07,72,76,24,46,12
487,Hamza,Ali,ML,LHR,1979-06-01,48,86,50,87,23
488,Ali,Hamza,DS,KHI,1970-07-11,26,44,48,68,96
489,Asif,Ali,ML,ISL,1954-07-19,81,1,57,14,19
490,Ali,Ali,DS,LHR,1956-08-11,54,96,82,82,5
491,Junaid,Junaid,AI,ISL,1964-05-19,32,83,73,50,55
492,Ali,Ali,ML,ISL,2012-11-09,77,15,17,44,22
493,Junaid,Junaid,ML,LHR,2013-07-05,68,26,36,42,59
494,Asif,Ali,AI,ISL,2007-03-11,73,54,41,69,25
495,Asif,Junaid,ML,,2000-10-18,30,40,52,55,90
496,Hamza,Asif,DS,KHI,1983-11-24,76,95,96,95,38
497,Hamza,Asif,DS,ISL,1950-11-20,43,6,48,25,95
498,Asif,Ali,AI,,1978-01-30,32,8,58,99,43
499,Asif,Asif,ML,KHI,1981-11-03,22,83,32,77,81
500,Hamza,Ali,Blockchain,ISL,1979-06-02,11,98,54,57,87
501,Asif,Ali,DS,KHI,2011-10-05,2,99,15,95,24
502,Asif,Junaid,Blockchain,KHI,1952-08-26,43,77,83,44,11
503,Hamza,Asif,AI,ISL,2001-01-19,69,54,36,80,53
504,Ali,Hamza,DS,LHR,1981-10-16,83,46,7,79,85
505,Junaid,Asif,Blockchain,ISL,2011-11-03,90,61,53,83,20
506,Ali,Hamza,ML,KHI,1955-09-12,98,3,66,29,25
507,Hamza,Ali,ML,ISL,1981-09-08,57,69,54,44,73
508,Junaid,Ali,Blockchain,ISL,2013-04-09,70,84,80,2,33
509,Ali,Hamza,ML,KHI,1977-10-21,94,70,64,3,71
510,Junaid,Junaid,AI,LHR,2001-06-15,36,40,66,16,49
511,Asif,Ali,AI,KHI,1956-11-15,95,46,87,10,7
512,Junaid,Junaid,DS,KHI,1985-05-22,83,59,63,29,18
513,Asif,Junaid,AI,,1969-05-13,99,97,86,62,43
514,Junaid,Ali,AI,ISL,2008-04-03,92,2,1,51,71
515,Hamza,Ali,AI,KHI,2002-09-13,18,49,98,20,72
516,Ali,Ali,ML,LHR,1999-07-20,43,20,84,42,16
517,Asif,Ali,AI,KHI,2011-02-12,77,38,47,65,28
518,Junaid,Ali,DS,LHR,2007-09-09,2,46,67,77,63
519,Junaid,Hamza,Blockchain,KHI,2002-04-29,13,85,28,33,23
520,Hamza,Junaid,AI,LHR,1996-03-28,80,50,88,83,29
521,Ali,Asif,DS,,1956-03-07,16,51,88,92,11
522,Junaid,Junaid,AI,ISL,1984-05-04,37,44,66,59,64
523,Junaid,Hamza,AI,LHR,1981-11-12,17,38,82,74,97
524,Hamza,Ali,DS,KHI,2002-09-30,94,80,60,99,2
525,Junaid,Ali,DS,ISL,1988-02-26,42,18,17,94,34
526,Junaid,Asif,Blockchain,,1978-05-14,41,80,91,82,31
527,Junaid,Junaid,ML,KHI,1955-11-23,60,62,48,63,17
528,Asif,Junaid,DS,LHR,1974-11-30,17,5,42,6,35
529,Asif,Asif,ML,LHR,1965-02-08,63,92,18,13,45
530,Ali,Asif,Blockchain,KHI,1996-08-16,88,68,38,8,9
531,Hamza,Ali,ML,LHR,1980-03-18,94,63,14,18,64
532,Junaid,Ali,DS,,1951-06-01,8,66,36,62,70
533,Hamza,Ali,ML,LHR,2011-05-18,17,22,61,57,97
534,Hamza,Ali,ML,LHR,1982-07-24,78,88,99,76,37
535,Ali,Hamza,ML,,1999-06-02,58,96,79,47,13
536,Ali,Ali,ML,LHR,1960-02-27,27,96,6,37,92
537,Ali,Asif,DS,KHI,1963-09-22,48,26,29,27,41
538,Asif,Junaid,DS,ISL,2003-04-30,97,90,68,56,96
539,Junaid,Asif,ML,KHI,1990-09-20,22,93,78,41,13
540,Ali,Ali,Blockchain,KHI,2012-04-26,83,66,76,18,66
541,Junaid,Asif,Blockchain,KHI,1979-04-04,82,53,15,72,9
542,Hamza,Hamza,AI,ISL,1958-01-28,55,7,27,60,9
543,Ali,Junaid,AI,KHI,1985-06-22,27,13,71,34,73
544,Ali,Junaid,DS,ISL,1963-10-03,68,12,43,37,12
545,Hamza,Hamza,AI,,1952-07-27,9,97,30,39,74
546,Asif,Ali,AI,LHR,1981-09-16,47,71,65,81,82
547,Asif,Junaid,DS,ISL,2003-04-06,16,32,61,76,9
548,Hamza,Ali,ML,ISL,1997-02-07,63,85,34,27,99
549,Junaid,Ali,DS,LHR,1988-09-12,69,65,79,45,83
550,Hamza,Asif,DS,,1959-06-06,93,16,71,79,8
551,Ali,Ali,AI,ISL,1986-10-06,54,50,85,62,30
552,Hamza,Junaid,DS,,1983-11-20,59,66,65,52,4
553,Asif,Junaid,Blockchain,ISL,1969-09-10,90,56,41,45,15
554,Asif,Junaid,Blockchain,KHI,1982-11-14,28,2,90,67,78
555,Asif,Ali,AI,ISL,1984-10-08,98,7,55,25,18
556,Junaid,Ali,ML,,1995-07-19,12,1,16,79,38
557,Asif,Junaid,ML,KHI,2008-01-24,4,26,86,44,13
558,Junaid,Junaid,Blockchain,KHI,1951-07-20,66,82,50,68,12
559,Ali,Junaid,Blockchain,LHR,1989-05-12,49,54,4,2,80
560,Ali,Asif,AI,LHR,1984-11-26,54,80,99,96,5
561,Junaid,Junaid,DS,ISL,1976-04-02,45,82,14,89,12
562,Junaid,Hamza,ML,KHI,1978-03-13,17,96,80,80,50
563,Junaid,Hamza,Blockchain,KHI,1984-09-02,50,7,38,59,19
564,Junaid,Hamza,ML,KHI,2002-10-06,92,75,72,72,94
565,Asif,Ali,Blockchain,ISL,1998-05-27,24,32,64,83,27
566,Junaid,Junaid,DS,KHI,1987-02-22,20,94,56,45,22
567,Ali,Junaid,AI,KHI,2012-09-22,40,96,14,7,72
568,Hamza,Asif,AI,,2013-06-23,79,90,34,19,71
569,Junaid,Ali,DS,LHR,2006-06-19,16,89,23,57,44
570,Ali,Hamza,Blockchain,,2010-03-03,46,2,57,21,69
571,Junaid,Asif,Blockchain,ISL,1980-02-02,5,58,90,70,69
572,Hamza,Junaid,Blockchain,KHI,2004-02-01,66,83,15,11,5
573,Asif,Junaid,AI,,1992-05-09,2,12,39,24,7
574,Ali,Junaid,AI,LHR,1960-05-04,2,69,10,38,57
575,Ali,Junaid,DS,,1999-01-17,86,95,7,14,84
576,Ali,Junaid,AI,KHI,2005-06-05,71,46,62,40,32
577,Junaid,Hamza,DS,,2007-09-18,77,23,68,74,30
578,Junaid,Hamza,AI,,1982-01-23,53,53,2,70,49
579,Ali,Asif,DS,ISL,1952-07-09,76,62,44,9,37
580,Hamza,Junaid,AI,KHI,1958-05-16,69,58,29,46,87
581,Asif,Junaid,ML,KHI,1981-07-28,12,35,38,85,43
582,Ali,Asif,ML,ISL,2007-04-19,58,83,20,40,95
583,Ali,Ali,ML,ISL,2014-07-03,27,10,91,89,31
584,Junaid,Hamza,ML,ISL,1990-05-09,67,21,1,93,21
585,Ali,Ali,DS,KHI,1962-06-14,86,5,88,39,29
586,Hamza,Ali,Blockchain,ISL,1978-11-29,9,29,62,27,39
587,Junaid,Junaid,AI,,1998-11-19,14,57,47,98,97
588,Junaid,Asif,AI,LHR,1972-10-17,88,1,60,29,52
589,Asif,Junaid,ML,ISL,1959-04-18,74,24,89,74,43
590,Junaid,Asif,DS,KHI,2002-07-19,61,75,66,12,55
591,Asif,Junaid,Blockchain,,1994-01-02,60,34,42,21,4
592,Junaid,Ali,ML,LHR,1970-07-18,48,86,90,95,88
593,Hamza,Ali,AI,,1953-08-02,25,93,28,21,29
594,Junaid,Asif,ML,,2014-04-13,24,18,52,67,60
595,Junaid,Junaid,Blockchain,ISL,1992-01-09,67,77,66,37,98
596,Junaid,Junaid,Blockchain,ISL,1958-10-27,59,84,94,61,80
597,Ali,Hamza,Blockchain,KHI,1958-07-30,6,89,27,9,74
598,Hamza,Ali,DS,KHI,1968-07-13,26,2,2,73,17
599,Junaid,Junaid,ML,,2007-11-03,29,88,78,51,65
600,Ali,Ali,Blockchain,KHI,1959-03-05,78,46,40,14,25
601,Junaid,Asif,AI,KHI,1997-08-28,66,38,3,95,65
602,Junaid,Hamza,DS,LHR,1950-11-25,26,25,86,71,13
603,Hamza,Ali,Blockchain,KHI,1965-11-15,72,34,53,69,83
604,Asif,Asif,Blockchain,ISL,1981-07-03,8,7,91,15,9
605,Asif,Junaid,Blockchain,ISL,1998-09-03,44,60,42,89,79
606,Ali,Ali,Blockchain,,1960-08-30,62,28,37,95,86
607,Ali,Ali,Blockchain,ISL,1987-09-30,67,68,74,9,71
608,Junaid,Junaid,DS,,1989-04-10,24,72,61,19,27
609,Hamza,Hamza,ML,ISL,2006-04-25,97,49,95,67,12
610,Asif,Junaid,DS,KHI,1979-02-13,49,80,28,71,82
611,Junaid,Asif,ML,KHI,1984-08-06,1,33,24,19,80
612,Ali,Asif,DS,ISL,1967-10-26,77,35,50,97,26
613,Hamza,Asif,AI,LHR,2004-10-01,17,32,14,98,15
614,Hamza,Asif,ML,LHR,1960-08-13,74,88,30,98,35
615,Asif,Hamza,DS,ISL,1966-01-14,89,69,82,61,76
616,Ali,Junaid,Blockchain,ISL,1986-05-28,8,65,76,5,72
617,Asif,Ali,AI,ISL,1978-05-19,67,51,83,2,58
618,Asif,Ali,DS,ISL,1977-07-08,1,23,99,59,90
619,Junaid,Junaid,DS,KHI,1984-05-25,13,68,54,98,52
620,Hamza,Hamza,DS,KHI,1999-04-05,2,42,44,78,6
621,Ali,Hamza,Blockchain,KHI,1989-10-13,25,14,59,92,77
622,Hamza,Asif,DS,KHI,1969-05-16,39,81,47,72,80
623,Junaid,Hamza,ML,ISL,1950-06-06,81,80,94,92,3
624,Ali,Hamza,ML,,2005-04-15,70,27,43,20,71
625,Junaid,Ali,ML,ISL,1963-08-05,28,20,78,44,22
626,Ali,Asif,Blockchain,LHR,1961-01-17,63,38,71,39,24
627,Ali,Junaid,AI,,2005-03-24,66,90,49,90,96
628,Asif,Hamza,Blockchain,KHI,1978-09-12,68,77,79,57,59
629,Asif,Asif,ML,,1972-08-21,75,69,22,43,90
630,Hamza,Asif,ML,,1974-11-09,37,75,71,26,13
631,Hamza,Junaid,AI,ISL,1951-11-12,4,85,35,42,99
632,Hamza,Hamza,DS,KHI,1962-02-02,81,8,25,98,64
633,Ali,Asif,ML,KHI,1958-09-19,49,52,13,25,72
634,Ali,Ali,AI,LHR,1985-03-03,44,68,45,31,16
635,Junaid,Junaid,Blockchain,LHR,2005-11-27,3,3,66,27,13
636,Asif,Asif,Blockchain,ISL,2003-04-01,56,20,51,75,82
637,Hamza,Asif,ML,LHR,1958-05-21,6,66,16,49,30
638,Asif,Junaid,AI,KHI,1975-02-23,80,49,57,70,14
639,Junaid,Asif,DS,,1976-06-10,26,50,56,71,61
640,Junaid,Ali,DS,,1977-03-28,19,76,3,10,6
641,Asif,Ali,DS,ISL,2004-10-23,48,50,38,32,53
642,Asif,Ali,DS,,1959-08-08,56,24,27,44,30
643,Ali,Ali,ML,KHI,1988-03-22,81,55,51,79,71
644,Hamza,Ali,DS,ISL,1987-02-04,46,14,45,59,93
645,Asif,Junaid,AI,,1959-05-21,66,77,19,63,17
646,Hamza,Junaid,ML,KHI,1980-03-16,42,20,51,33,88
647,Ali,Hamza,Blockchain,KHI,1952-10-01,31,99,63,21,11
648,Junaid,Junaid,AI,KHI,1961-10-19,29,1,22,19,3
649,Junaid,Asif,AI,ISL,1968-03-04,33,64,73,78,26
650,Hamza,Ali,ML,KHI,1998-04-26,92,53,84,22,31
651,Hamza,Ali,ML,,1958-10-30,58,86,14,29,98
652,Ali,Hamza,DS,KHI,1985-11-10,46,41,32,2,96
653,Asif,Asif,ML,ISL,1993-11-20,67,13,64,52,74
654,Ali,Asif,ML,LHR,1972-06-07,73,18,68,47,48
655,Junaid,Ali,AI,ISL,1990-04-10,50,94,61,39,28
656,Junaid,Hamza,DS,LHR,2010-04-05,20,97,6,41,67
657,Asif,Hamza,Blockchain,,1952-04-14,98,28,40,73,5
658,Asif,Junaid,AI,KHI,1991-10-11,94,93,83,54,11
659,Hamza,Hamza,DS,,1978-04-02,78,62,93,12,61
660,Ali,Asif,ML,ISL,2004-08-19,67,40,66,93,19
661,Hamza,Hamza,ML,LHR,1970-02-21,3,89,91,2,68
662,Asif,Asif,DS,KHI,1950-06-23,33,92,87,51,81
663,Asif,Ali,ML,,1964-07-16,35,39,17,7,26
664,Ali,Asif,DS,ISL,1958-06-07,53,76,24,13,95
665,Asif,Hamza,ML,ISL,2005-05-12,47,9,43,79,27
666,Ali,Junaid,ML,KHI,2012-02-06,89,22,1,56,72
667,Junaid,Junaid,AI,KHI,1968-06-19,32,54,38,20,44
668,Junaid,Hamza,Blockchain,,1976-03-30,81,60,66,17,69
669,Ali,Asif,DS,ISL,2003-08-27,2,5,74,50,63
670,Hamza,Junaid,AI,KHI,1953-08-18,96,81,36,66,20
671,Junaid,Asif,Blockchain,LHR,1992-07-08,8,27,16,87,65
672,Junaid,Ali,DS,KHI,1966-08-27,2,73,26,54,83
673,Hamza,Asif,AI,ISL,1964-09-01,25,95,90,79,92
674,Hamza,Asif,AI,KHI,1961-11-04,99,40,1,67,7
675,Hamza,Asif,ML,,1955-04-12,84,2,89,66,90
676,Asif,Asif,Blockchain,LHR,1955-06-27,23,13,1,81,52
677,Asif,Asif,Blockchain,,2013-11-29,62,45,65,67,11
678,Asif,Hamza,Blockchain,,1999-06-17,26,32,73,70,29
679,Ali,Hamza,Blockchain,ISL,1999-11-23,57,46,45,60,27
680,Ali,Asif,ML,,1990-06-19,69,75,82,45,3
681,Ali,Hamza,ML,,1990-09-22,64,56,97,43,35
682,Ali,Ali,Blockchain,ISL,1959-11-20,34,21,99,21,6
683,Asif,Junaid,Blockchain,,1982-02-08,22,19,11,26,46
684,Hamza,Ali,AI,,2003-05-11,24,52,60,62,77
685,Junaid,Hamza,ML,LHR,1950-10-25,56,77,33,15,15
686,Ali,Ali,ML,ISL,1986-11-19,70,75,95,3,50
687,Ali,Ali,DS,LHR,2003-02-14,59,52,82,20,79
688,Junaid,Hamza,ML,ISL,1990-05-12,97,84,12,33,78
689,Junaid,Hamza,DS,KHI,1972-05-07,78,45,84,67,33
690,Junaid,Ali,DS,ISL,1997-09-17,64,4,74,5,26
691,Ali,Ali,ML,ISL,1978-10-29,26,74,99,82,25
692,Hamza,Junaid,ML,ISL,1971-01-18,93,59,74,99,96
693,Hamza,Hamza,ML,LHR,2004-04-16,76,81,31,38,56
694,Ali,Ali,Blockchain,,1961-10-30,59,51,13,34,20
695,Ali,Ali,AI,LHR,1965-01-17,73,66,49,22,16
696,Hamza,Ali,Blockchain,KHI,2011-03-02,80,69,59,2,71
697,Junaid,Hamza,Blockchain,KHI,1950-03-27,59,57,91,51,89
698,Hamza,Ali,Blockchain,KHI,1974-08-11,60,44,22,25,38
699,Junaid,Hamza,AI,,1951-08-17,41,6,67,47,60
700,Hamza,Ali,AI,LHR,1969-09-06,4,19,13,66,43
701,Hamza,Asif,DS,LHR,2013-11-13,80,28,17,16,17
702,Junaid,Ali,AI,LHR,1964-05-03,47,26,33,96,30
703,Asif,Asif,Blockchain,,2000-09-29,93,78,51,96,54
704,Ali,Ali,AI,ISL,1993-01-06,45,70,77,99,70
705,Asif,Ali,DS,LHR,1981-02-26,17,55,16,76,48
706,Junaid,Asif,AI,ISL,2002-04-25,1,41,33,37,85
707,Ali,Ali,Blockchain,ISL,1975-09-06,19,95,63,73,66
708,Junaid,Junaid,DS,KHI,1986-07-27,46,36,39,94,27
709,Ali,Hamza,Blockchain,LHR,1998-05-21,42,55,36,7,53
710,Ali,Hamza,AI,,1956-05-28,29,36,56,1,15
711,Ali,Ali,Blockchain,,2013-07-15,54,44,83,44,35
712,Hamza,Hamza,ML,KHI,2005-08-13,31,5,58,15,70
713,Junaid,Ali,ML,KHI,1990-01-14,19,97,80,1,67
714,Asif,Hamza,ML,KHI,1978-09-21,11,99,71,44,72
715,Asif,Asif,DS,LHR,2002-01-06,26,81,77,52,1
716,Junaid,Ali,AI,ISL,1985-10-08,71,55,15,33,94
717,Hamza,Junaid,AI,ISL,1986-10-20,91,9,38,12,9
718,Junaid,Asif,Blockchain,KHI,1977-03-01,36,52,84,21,92
719,Asif,Ali,ML,LHR,1978-11-25,38,72,21,45,51
720,Hamza,Hamza,AI,,1977-04-23,9,51,99,52,21
721,Ali,Ali,AI,ISL,1974-08-28,64,34,81,19,16
722,Ali,Hamza,Blockchain,ISL,1995-04-19,46,82,56,68,40
723,Ali,Asif,Blockchain,,1969-08-20,68,64,71,59,43
724,Junaid,Junaid,DS,LHR,1967-06-08,47,38,73,65,36
725,Ali,Junaid,ML,KHI,1967-05-19,85,76,53,22,40
726,Hamza,Hamza,Blockchain,KHI,1972-06-09,57,62,57,1,66
727,Hamza,Hamza,Blockchain,ISL,1981-06-18,14,30,66,56,45
728,Asif,Hamza,Blockchain,,2010-06-25,18,17,73,18,58
729,Junaid,Hamza,ML,LHR,2014-10-29,36,29,63,56,42
730,Junaid,Ali,ML,ISL,1961-10-23,14,8,88,85,19
731,Hamza,Asif,DS,,2001-05-01,83,18,10,53,37
732,Ali,Asif,Blockchain,ISL,1975-05-02,2,66,13,8,32
733,Asif,Ali,ML,,1981-11-24,70,14,91,8,24
734,Ali,Ali,ML,KHI,1975-09-29,12,73,66,75,10
735,Asif,Junaid,Blockchain,,2005-07-28,31,79,75,5,87
736,Ali,Asif,Blockchain,,1952-02-03,3,27,84,16,46
737,Asif,Asif,Blockchain,LHR,1988-09-03,70,58,61,22,71
738,Junaid,Asif,ML,LHR,2003-03-14,79,65,67,63,51
739,Junaid,Ali,ML,LHR,1974-07-03,98,69,62,54,54
740,Hamza,Ali,AI,ISL,1952-01-26,32,92,7,12,17
741,Hamza,Hamza,AI,ISL,1984-06-26,78,78,65,60,21
742,Asif,Junaid,Blockchain,ISL,1973-09-05,10,89,71,46,79
743,Hamza,Asif,Blockchain,LHR,1954-08-26,21,35,28,12,26
744,Hamza,Asif,AI,LHR,1984-05-23,95,18,73,53,62
745,Hamza,Hamza,AI,KHI,1995-01-28,85,37,8,74,12
746,Ali,Ali,DS,KHI,1972-09-29,77,6,87,40,43
747,Hamza,Junaid,DS,,2002-09-13,80,4,27,65,82
748,Hamza,Hamza,DS,,1996-11-26,85,12,82,98,91
749,Hamza,Ali,AI,,1978-10-30,80,26,21,10,19
750,Ali,Ali,Blockchain,,1982-06-14,92,68,98,28,24
751,Asif,Hamza,DS,ISL,1994-05-19,31,4,58,26,59
752,Ali,Hamza,DS,,2013-05-22,19,69,71,55,78
753,Asif,Hamza,Blockchain,LHR,1962-07-28,35,44,16,4,17
754,Hamza,Hamza,Blockchain,KHI,1989-10-02,93,17,12,78,17
755,Asif,Hamza,Blockchain,,1998-04-12,69,41,68,43,69
756,Asif,Junaid,ML,,1993-07-05,78,12,25,59,4
757,Asif,Asif,DS,LHR,1954-04-11,43,41,28,4,64
758,Hamza,Junaid,Blockchain,KHI,2002-03-11,66,29,6,78,66
759,Ali,Junaid,DS,KHI,2000-08-11,12,7,49,85,60
760,Ali,Junaid,DS,,1965-07-13,66,31,71,36,27
761,Hamza,Junaid,ML,,1992-01-29,55,93,21,44,40
762,Junaid,Junaid,ML,,2014-01-16,2,65,63,12,96
763,Hamza,Asif,ML,LHR,1982-08-27,12,49,67,28,87
764,Hamza,Hamza,AI,ISL,1971-08-03,55,8,78,68,89
765,Asif,Ali,Blockchain,,1997-09-18,64,27,5,50,44
766,Junaid,Hamza,ML,LHR,1964-11-06,29,47,50,4,84
767,Hamza,Hamza,ML,,1965-10-22,78,24,34,60,39
768,Hamza,Hamza,DS,LHR,1977-03-15,74,96,32,25,49
769,Ali,Ali,Blockchain,,1980-09-22,45,4,14,26,39
770,Hamza,Hamza,ML,ISL,1984-06-26,25,58,58,54,96
771,Junaid,Junaid,ML,,1985-07-08,53,39,13,29,28
772,Asif,Hamza,Blockchain,LHR,1964-08-12,89,70,24,27,86
773,Hamza,Ali,AI,ISL,2009-11-29,29,66,9,78,53
774,Junaid,Hamza,AI,,1999-10-02,12,91,96,52,95
775,Junaid,Ali,ML,LHR,1985-08-12,11,4,97,68,88
776,Junaid,Hamza,DS,KHI,2010-11-04,62,6,36,82,24
777,Hamza,Asif,ML,,1964-08-25,30,26,29,36,91
778,Hamza,Junaid,AI,ISL,1950-10-13,56,80,11,44,14
779,Asif,Asif,AI,,2006-09-16,59,42,40,30,23
780,Hamza,Junaid,AI,,1973-02-02,69,4,43,85,77
781,Asif,Ali,DS,LHR,1991-07-07,57,77,66,22,17
782,Ali,Asif,Blockchain,KHI,1960-04-10,56,18,13,94,5
783,Asif,Asif,Blockchain,KHI,1958-01-29,9,99,27,45,83
784,Ali,Asif,Blockchain,ISL,1967-01-28,15,14,95,38,36
785,Hamza,Asif,Blockchain,ISL,1985-08-24,2,64,47,40,69
786,Junaid,Junaid,ML,KHI,1993-07-15,7,73,14,30,98
787,Ali,Asif,ML,LHR,1951-10-01,45,89,21,17,34
788,Junaid,Ali,DS,ISL,1968-10-17,41,10,1,10,76
789,Asif,Hamza,ML,LHR,1967-02-23,74,26,18,10,87
790,Junaid,Junaid,AI,ISL,1963-01-12,71,55,67,4,22
791,Junaid,Ali,DS,LHR,1999-06-18,32,78,78,31,83
792,Hamza,Ali,ML,,1952-08-14,98,84,3,87,9
793,Ali,Junaid,ML,LHR,1971-01-23,21,13,4,55,25
794,Hamza,Hamza,Blockchain,ISL,1953-08-25,31,30,49,75,53
795,Asif,Asif,ML,ISL,1985-06-19,99,92,12,83,13
796,Asif,Ali,ML,,1956-08-04,2,67,49,37,59
797,Junaid,Ali,Blockchain,LHR,1967-01-18,60,47,20,24,65
798,Hamza,Asif,Blockchain,ISL,1969-09-22,53,91,57,94,17
799,Asif,Junaid,AI,,1979-05-28,38,76,83,20,75
800,Hamza,Junaid,ML,ISL,1972-01-14,52,9,93,68,35
801,Ali,Ali,Blockchain,,1969-09-30,36,92,51,34,44
802,Junaid,Junaid,AI,LHR,1985-09-13,37,51,22,12,41
803,Ali,Ali,ML,,1960-11-18,16,70,37,16,80
804,Junaid,Asif,DS,,1970-02-04,28,77,99,71,58
805,Ali,Junaid,DS,LHR,1960-08-12,81,5,40,3,90
806,Asif,Asif,Blockchain,LHR,1993-09-28,35,90,88,77,54
807,Asif,Ali,DS,KHI,1980-07-01,6,17,45,23,85
808,Hamza,Hamza,Blockchain,,1997-02-26,91,74,20,64,22
809,Hamza,Asif,AI,,2009-02-16,7,34,39,37,15
810,Junaid,Asif,DS,KHI,1974-11-01,14,78,86,78,19
811,Hamza,Asif,Blockchain,ISL,1970-11-09,34,64,35,30,82
812,Junaid,Junaid,ML,LHR,1998-05-13,2,27,15,47,82
813,Hamza,Asif,DS,LHR,1993-07-19,32,99,93,42,84
814,Junaid,Hamza,AI,LHR,2001-02-14,63,29,18,26,35
815,Asif,Junaid,DS,KHI,1955-10-18,60,73,1,37,25
816,Ali,Junaid,ML,,1976-07-18,24,73,29,59,7
817,Hamza,Hamza,DS,KHI,2000-01-06,6,53,39,59,78
818,Junaid,Hamza,ML,LHR,1981-09-10,23,53,1,42,90
819,Hamza,Ali,DS,LHR,1978-03-06,30,66,3,51,66
820,Asif,Ali,AI,,1991-07-11,42,97,39,28,83
821,Hamza,Asif,ML,KHI,1973-01-24,1,75,91,14,77
822,Hamza,Ali,Blockchain,LHR,1951-05-05,74,53,29,6,80
823,Hamza,Ali,Blockchain,,2011-05-10,93,57,30,64,90
824,Asif,Junaid,AI,,2003-03-16,17,66,76,86,8
825,Junaid,Hamza,AI,ISL,1986-08-04,42,23,32,51,94
826,Asif,Asif,DS,KHI,2005-07-04,26,32,58,16,69
827,Junaid,Ali,ML,LHR,1979-06-12,76,54,79,66,61
828,Hamza,Hamza,Blockchain,KHI,2011-07-20,46,79,31,5,17
829,Asif,Asif,Blockchain,LHR,1986-01-22,28,40,2,26,95
830,Ali,Hamza,ML,ISL,1956-08-16,39,11,69,29,79
831,Hamza,Hamza,AI,,1962-03-01,8,50,56,99,56
832,Asif,Junaid,DS,KHI,1961-05-16,84,86,52,62,76
833,Asif,Asif,ML,ISL,1988-03-06,68,56,32,54,38
834,Asif,Ali,Blockchain,KHI,2001-09-21,19,6,23,62,13
835,Hamza,Hamza,Blockchain,ISL,1951-04-19,12,13,76,36,37
836,Junaid,Ali,ML,ISL,1986-07-16,77,38,63,79,20
837,Hamza,Ali,Blockchain,,1969-06-19,72,35,91,35,30
838,Junaid,Asif,AI,ISL,1978-08-23,33,77,92,89,86
839,Ali,Hamza,Blockchain,LHR,1950-02-12,78,31,11,80,72
840,Ali,Junaid,Blockchain,,2003-04-26,24,59,32,45,5
841,Ali,Asif,AI,,1976-01-03,28,2,30,61,53
842,Junaid,Junaid,AI,,1972-03-01,75,19,86,24,2
843,Ali,Ali,AI,,1979-06-18,95,87,56,86,37
844,Ali,Junaid,AI,ISL,1986-05-11,78,55,19,68,77
845,Hamza,Asif,DS,KHI,1980-09-08,18,17,54,23,51
846,Junaid,Asif,DS,LHR,2007-06-14,36,41,31,16,44
847,Junaid,Asif,ML,LHR,1952-04-14,53,38,51,79,83
848,Hamza,Junaid,ML,,1991-08-03,6,7,69,56,57
849,Junaid,Asif,ML,KHI,1974-06-22,57,95,53,77,92
850,Junaid,Junaid,ML,,1971-05-18,64,95,36,23,55
851,Ali,Hamza,ML,ISL,1975-06-11,6,36,16,73,10
852,Hamza,Junaid,Blockchain,,1973-06-24,55,26,96,74,90
853,Ali,Junaid,Blockchain,KHI,1964-11-05,81,35,96,43,95
854,Hamza,Junaid,DS,ISL,2014-01-09,46,84,45,30,91
855,Junaid,Ali,ML,KHI,2011-01-29,89,98,89,91,2
856,Junaid,Junaid,AI,,2013-08-26,64,40,34,41,40
857,Asif,Asif,Blockchain,,2001-05-16,77,13,42,64,17
858,Asif,Hamza,Blockchain,KHI,1964-07-01,90,61,36,99,33
859,Junaid,Hamza,DS,LHR,1952-01-11,79,21,7,57,20
860,Junaid,Ali,Blockchain,ISL,1988-10-26,94,93,57,25,88
861,Ali,Hamza,Blockchain,ISL,1996-05-27,53,69,64,87,39
862,Ali,Asif,ML,LHR,1972-07-10,26,49,59,37,43
863,Asif,Asif,AI,LHR,2007-05-28,94,60,41,18,16
864,Junaid,Asif,Blockchain,KHI,1966-04-18,66,49,56,99,83
865,Hamza,Junaid,Blockchain,ISL,2007-06-18,72,57,33,64,61
866,Junaid,Ali,Blockchain,ISL,1969-05-07,68,95,46,70,46
867,Hamza,Junaid,AI,ISL,1966-05-25,57,26,5,80,12
868,Junaid,Asif,DS,LHR,1987-08-09,74,62,64,23,86
869,Junaid,Ali,AI,KHI,1969-09-21,21,48,71,10,32
870,Junaid,Hamza,ML,LHR,1953-09-18,99,79,10,45,97
871,Junaid,Hamza,Blockchain,ISL,1953-08-04,44,24,92,72,1
872,Hamza,Junaid,AI,KHI,2006-03-19,6,87,82,84,99
873,Asif,Asif,DS,,1986-06-20,58,76,58,59,27
874,Junaid,Ali,Blockchain,KHI,1975-02-27,9,65,40,13,82
875,Junaid,Ali,ML,LHR,1980-04-22,51,96,42,12,18
876,Junaid,Asif,Blockchain,,2004-04-04,38,85,58,54,71
877,Junaid,Hamza,AI,,2012-05-06,60,81,31,51,8
878,Hamza,Hamza,Blockchain,LHR,1953-03-07,20,18,64,35,41
879,Junaid,Hamza,Blockchain,ISL,1981-08-08,6,31,34,66,25
880,Junaid,Ali,DS,LHR,1954-08-24,96,68,49,72,47
881,Hamza,Ali,AI,LHR,2011-01-05,58,51,92,46,57
882,Hamza,Asif,Blockchain,KHI,1964-09-18,32,30,53,74,32
883,Junaid,Junaid,ML,KHI,1997-01-28,74,56,23,62,36
884,Asif,Hamza,Blockchain,KHI,2014-06-18,50,31,41,56,39
885,Hamza,Junaid,ML,ISL,2009-07-08,57,26,69,44,34
886,Ali,Asif,DS,,1994-10-28,48,93,93,95,59
887,Ali,Ali,DS,KHI,2004-01-02,48,45,19,12,17
888,Ali,Hamza,DS,,1976-10-13,23,77,56,77,53
889,Ali,Hamza,ML,LHR,1984-10-29,78,4,94,20,17
890,Hamza,Ali,DS,ISL,1983-05-21,20,23,40,55,73
891,Ali,Ali,AI,KHI,1964-07-08,52,78,48,77,65
892,Hamza,Ali,AI,LHR,1989-07-10,91,83,37,68,91
893,Junaid,Junaid,DS,LHR,2014-07-14,4,23,63,55,46
894,Ali,Hamza,AI,,1997-02-16,15,29,95,51,77
895,Asif,Asif,Blockchain,LHR,1991-11-03,53,7,15,43,11
896,Junaid,Ali,DS,LHR,1957-06-30,43,63,79,57,46
897,Ali,Junaid,ML,ISL,1973-07-13,46,23,76,7,57
898,Hamza,Junaid,ML,KHI,1996-01-08,26,9,24,13,92
899,Asif,Ali,DS,ISL,1988-06-11,91,66,24,39,41
900,Junaid,Asif,ML,LHR,1987-09-30,87,96,78,25,89
901,Ali,Asif,Blockchain,ISL,1973-01-02,50,90,18,60,30
902,Ali,Junaid,AI,,1983-08-22,60,98,72,28,53
903,Ali,Hamza,AI,LHR,1992-07-24,26,71,16,58,90
904,Ali,Junaid,ML,,1969-09-02,49,15,21,56,41
905,Hamza,Junaid,ML,,1956-10-06,30,67,19,53,35
906,Ali,Junaid,Blockchain,LHR,1971-07-19,33,35,75,99,62
907,Hamza,Junaid,DS,ISL,1974-06-30,21,70,2,64,48
908,Asif,Hamza,Blockchain,KHI,1979-04-12,19,84,18,69,35
909,Ali,Ali,DS,ISL,1985-03-04,91,45,92,58,25
910,Ali,Asif,Blockchain,KHI,1997-08-22,13,40,82,5,29
911,Ali,Junaid,AI,LHR,1953-05-21,24,49,27,94,98
912,Hamza,Hamza,AI,,1960-08-13,31,34,57,69,61
913,Hamza,Hamza,ML,KHI,1971-04-20,73,91,24,70,16
914,Ali,Ali,ML,,1993-09-29,75,31,90,73,61
915,Junaid,Hamza,AI,ISL,1973-02-13,6,17,96,29,2
916,Ali,Hamza,AI,ISL,1975-05-14,13,16,85,43,8
917,Hamza,Hamza,ML,ISL,1993-02-05,7,17,3,67,25
918,Asif,Hamza,DS,KHI,1974-05-30,13,40,2,74,46
919,Junaid,Ali,AI,,1972-02-08,14,65,4,2,23
920,Hamza,Asif,AI,LHR,1982-02-05,24,38,66,44,72
921,Hamza,Ali,DS,KHI,2008-05-09,89,3,2,44,75
922,Junaid,Junaid,AI,ISL,1974-05-14,60,11,84,40,63
923,Hamza,Junaid,AI,KHI,2012-10-07,96,94,12,60,79
924,Hamza,Asif,ML,LHR,2007-06-13,91,98,62,42,33
925,Hamza,Ali,ML,ISL,2000-03-12,30,61,80,23,38
926,Hamza,Ali,Blockchain,LHR,2006-05-05,60,2,56,73,20
927,Asif,Junaid,ML,ISL,2010-01-25,13,81,93,37,96
928,Ali,Junaid,AI,ISL,2011-03-14,84,85,69,77,94
929,Ali,Hamza,Blockchain,,1986-03-06,88,73,36,57,45
930,Ali,Asif,ML,LHR,1981-03-24,89,39,61,23,71
931,Ali,Junaid,ML,KHI,1972-01-01,3,64,15,85,55
932,Ali,Hamza,ML,LHR,1976-10-04,34,19,2,73,31
933,Junaid,Asif,AI,ISL,1983-09-07,11,9,24,95,9
934,Asif,Ali,DS,LHR,1989-09-05,20,9,40,12,99
935,Asif,Hamza,DS,LHR,2012-05-09,33,13,57,57,42
936,Asif,Junaid,AI,KHI,1960-03-22,4,55,59,37,90
937,Asif,Junaid,DS,KHI,1988-09-03,7,67,90,88,70
938,Hamza,Junaid,Blockchain,KHI,1966-08-09,48,81,81,48,68
939,Junaid,Junaid,DS,,1974-01-04,19,91,10,71,75
940,Ali,Hamza,DS,,1987-11-15,19,84,23,90,28
941,Hamza,Junaid,ML,KHI,1980-11-28,29,32,32,66,64
942,Junaid,Asif,ML,ISL,1951-09-17,11,32,1,57,39
943,Ali,Asif,Blockchain,ISL,1979-03-15,10,33,82,6,20
944,Junaid,Ali,ML,ISL,1999-11-05,21,21,85,61,17
945,Junaid,Hamza,DS,LHR,1972-09-17,10,40,21,23,86
946,Junaid,Hamza,DS,LHR,1997-10-16,16,45,93,66,22
947,Ali,Asif,DS,,1961-03-21,64,70,35,69,4
948,Asif,Asif,AI,LHR,1968-06-11,66,89,44,37,39
949,Ali,Hamza,AI,KHI,1950-02-27,81,80,3,48,76
950,Junaid,Hamza,ML,LHR,1972-09-26,9,26,21,97,87
951,Junaid,Ali,Blockchain,LHR,1974-03-12,28,61,7,90,44
952,Hamza,Asif,AI,LHR,1973-10-02,34,42,42,99,61
953,Asif,Hamza,AI,,1992-09-08,69,67,22,42,45
954,Asif,Hamza,DS,ISL,1998-05-22,34,34,5,62,83
955,Asif,Hamza,DS,,1971-05-06,73,52,41,62,16
956,Asif,Hamza,Blockchain,,1952-06-09,99,36,4,88,11
957,Asif,Hamza,ML,,1981-09-04,90,74,60,46,30
958,Ali,Junaid,AI,KHI,1973-04-16,62,31,85,47,25
959,Hamza,Ali,DS,KHI,2004-02-06,48,43,19,12,59
960,Junaid,Junaid,DS,LHR,1962-06-18,81,34,46,19,79
961,Junaid,Ali,Blockchain,LHR,2004-04-09,5,14,63,78,73
962,Asif,Hamza,DS,ISL,1988-05-12,39,30,85,94,78
963,Junaid,Asif,AI,KHI,1999-04-21,98,38,43,6,33
964,Ali,Junaid,Blockchain,KHI,2003-10-03,39,67,22,90,94
965,Junaid,Junaid,Blockchain,LHR,1987-04-23,52,28,90,31,40
966,Hamza,Ali,AI,KHI,1957-01-24,12,62,85,72,91
967,Ali,Hamza,ML,,2005-07-11,39,77,60,17,13
968,Ali,Junaid,Blockchain,,1996-02-12,82,2,41,49,5
969,Junaid,Ali,DS,ISL,1967-02-01,13,42,95,35,34
970,Asif,Ali,ML,ISL,2008-06-19,34,70,15,92,50
971,Junaid,Junaid,Blockchain,,1995-01-21,88,10,91,78,91
972,Asif,Ali,DS,ISL,2011-05-28,51,83,66,61,29
973,Hamza,Hamza,AI,KHI,1973-04-13,47,46,19,54,27
974,Asif,Asif,ML,,1985-04-10,31,23,25,46,11
975,Hamza,Hamza,DS,,1959-06-02,11,7,56,22,52
976,Asif,Ali,ML,KHI,1994-04-21,7,5,28,63,71
977,Asif,Asif,Blockchain,,2007-05-12,23,53,74,47,72
978,Hamza,Hamza,Blockchain,,2014-06-23,36,80,22,73,56
979,Junaid,Asif,Blockchain,ISL,1950-08-08,79,32,94,40,75
980,Asif,Junaid,DS,ISL,1954-11-20,84,88,5,86,66
981,Hamza,Hamza,Blockchain,KHI,2009-03-18,73,81,55,44,12
982,Ali,Ali,ML,KHI,1996-05-26,97,63,46,3,36
983,Ali,Ali,Blockchain,,1955-01-22,45,65,13,57,31
984,Asif,Ali,DS,,1966-05-18,37,54,36,71,15
985,Ali,Junaid,DS,LHR,1958-05-16,41,6,98,14,73
986,Ali,Hamza,Blockchain,ISL,1975-04-02,20,62,53,60,64
987,Asif,Junaid,Blockchain,ISL,1996-11-02,73,53,74,20,38
988,Ali,Hamza,ML,ISL,1986-09-18,37,69,21,9,23
989,Asif,Asif,Blockchain,,1998-08-12,61,71,13,91,68
990,Junaid,Ali,AI,,1951-03-17,92,76,16,58,57
991,Ali,Asif,ML,LHR,1975-04-27,96,89,58,95,32
992,Ali,Junaid,Blockchain,KHI,1972-07-12,27,6,37,70,91
993,Junaid,Junaid,AI,,1982-07-22,12,5,97,35,98
994,Asif,Junaid,DS,ISL,1983-06-10,49,92,97,53,86
995,Asif,Hamza,AI,LHR,1950-05-01,75,71,44,15,98
996,Junaid,Junaid,ML,LHR,1958-08-20,44,68,58,11,9
997,Hamza,Junaid,AI,,1986-05-29,18,15,78,59,84
998,Hamza,Asif,AI,LHR,1963-11-28,34,16,92,26,70
999,Asif,Junaid,ML,ISL,1998-08-19,29,33,68,41,4
1000,Ali,Hamza,AI,,1968-01-02,65,55,89,70,73
